actual_duration,expected_duration,fuel_consumed,actual_distance,average_speed,max_speed,idle_time,driver_fatigue_score,speed_variance,trip_fuel_efficiency,route_deviation,time_deviation,trip_idle_percentage,bad_weather,heavy_traffic,vehicle_age,maintenance_score,maintenance_frequency,engine_hours,idle_time_percentage,breakdown_frequency,safety_score,experience_years,rest_compliance_rate,harsh_braking_events,harsh_acceleration_events,distance,avg_traffic_density,weather_risk_factor,complexity_score,historical_incidents
-0.9083102195027078,-1.0158997332670407,-1.4576013493695164,-1.2274049290664932,-1.3431465176351098,-0.8179010966917477,-0.13295515152575768,0.928998844218439,0.3184571171277173,-0.3073777703284799,1.59001367875933,1.8154681391227108,1.0541520438486511,0.7953949089757173,-0.7337993857053426,-0.2984311762487815,0.10480723524169586,1.3081434048445697,-1.7725168752787048,0.633121905682181,0.8545307215214636,1.297372562812151,-0.4916467006697568,1.4299930278123938,0.6256349317314029,0.39449751164161734,-1.1636542072847718,0.9224150132153753,-1.1356132675962654,-0.5380421496747277,-0.7830553464958117
-1.2535862700398905,-0.8218093712539256,-1.9009544925357567,-0.6391295832163366,2.3900377166425275,2.967985202298488,-0.2561961321246186,-1.612727456963415,2.5063167283938137,0.9150126568876057,0.10020009683802623,-1.7968488601081343,1.7375044773711428,0.7953949089757173,-0.7337993857053426,1.4068898308871134,0.6022797735586535,-0.7429525260963931,-1.023999082712832,0.55551335874429,1.5798952927518821,0.7636555640893672,1.5831218611279791,-1.6769817802292963,1.8244563578035522,-1.3207090607132401,-0.5813691783360194,0.9224150132153753,-0.06012628232816781,-0.025554251324271988,-0.7830553464958117
0.008354707128620896,-0.10729568531018822,0.06170696021313236,-0.10096019017780143,0.01523010495091823,-0.11105886997427199,-0.24543455727496236,-0.08671425888221386,-0.1351291094983926,-0.2550967514075399,0.09869372677672052,0.01941049343886543,-0.05498087239998451,0.7953949089757173,-0.7337993857053426,-0.2984311762487815,0.30040317954411627,0.7383945351387468,-1.1110683971304631,-1.7319764754665292,0.8062813083005936,0.051966351402075416,-1.586179282319436,-1.5653186232401552,-1.0227445291178021,-0.9776677462422687,0.19707441347450297,0.9224150132153753,-1.591803939698049,-0.2948252018781427,-0.5457658475576869
2.3307033979824685,1.9300888350360246,-1.4364309470537417,1.9391258740878514,-0.7108651077657927,-0.8056571710352278,2.533857438061724,0.5233237871402708,-0.6394563356097528,2.8694575909982594,0.3855216375222181,0.416852363592656,0.5368626533007772,-1.2572371141874243,1.3627702877384937,-1.2729003231835787,-1.02204047422316,0.6700246707740479,0.3711177333567481,-0.9256315345902455,-1.2484857786598724,1.2118407179807609,1.6230715635081543,1.419926356601512,-0.34840747695221824,-0.8919074176245259,1.660132049265923,0.9224150132153753,1.6306040899421854,1.6009570807390403,-0.30847634861956214
0.7902913095276235,0.34998320575269454,1.282237085166928,0.43185114593116525,-0.8643656062113338,0.03160612261575347,1.8846272537346858,0.7327656813255646,1.367804317016201,-0.46191969142453415,0.9592826794851038,1.443144877396671,1.4083883520099063,-1.2572371141874243,1.3627702877384937,0.4324206839523163,0.843392984325684,0.4421251228917188,-1.0776354745659669,-1.1479811797866117,0.19546427124580995,-0.6860680748722919,0.28152465993809467,-1.3330380156796175,0.7005612708609124,-1.0634280748600116,0.2869567451702497,-0.9307439061002146,-1.0685256861133778,-0.9499562465049195,0.8779711460710616
1.0369468261179755,0.6529166241803268,-0.5392832755297959,-0.08758461413669873,-2.0555370468033907,-1.9941272803082968,1.571415446198641,-0.16577801016931568,-1.0574940898310419,0.00733572446907463,-1.7007566095564361,1.0149384488220337,0.7495376844860702,0.7953949089757173,1.3627702877384937,0.18880339721861703,-0.3071086375659867,0.4421251228917188,0.5975614886780329,-1.0583067233228383,1.103120893546543,0.8222379691336438,0.5236933585393257,-1.5195022609939048,-0.27348113782270894,-1.2349487320954973,0.058856780064873174,-1.558204883724872,-0.1525287269321015,-0.3777301647531644,-1.0203448454339363
2.109388326374394,1.7271019459727956,-0.5780493462370739,2.4648660913294065,0.19734425778741974,0.0940912127453005,3.410649796799479,-0.016535856532179902,-0.15214521645105009,1.8062005929524751,-0.45177693472527386,0.45190661035081714,1.4726329418886528,0.7953949089757173,-0.7337993857053426,-1.2729003231835787,0.4041585634809252,-1.1075918027081197,-0.1261333645937064,0.6070815297736905,1.009817827262344,-1.6511483349316083,-0.16941095885118637,0.2022787102548153,-0.9478181899882929,-0.03430413144709703,2.2549253653851125,0.9224150132153753,-1.1022706371440654,1.8100459568025933,0.16610264925668738
0.008354707128620896,-1.0671710178254852,0.06170696021313236,-0.10096019017780143,0.01523010495091823,-0.11105886997427199,-0.24543455727496236,-0.902435424013741,-0.1351291094983926,-0.2550967514075399,0.09869372677672052,0.01941049343886543,-0.05498087239998451,0.7953949089757173,-0.7337993857053426,-1.2729003231835787,-0.9373523090316804,1.3765132692092685,-1.5883989370751663,0.8639175990511215,-0.4974179910458713,-0.6107639360961892,0.9541635685320683,-0.33719122217460024,1.6746036795445336,1.337861126436789,-0.8748220991401714,0.9224150132153753,1.8113284900627862,0.27935406377088107,0.4033921481948121
-0.7746476484462536,-0.396129439460378,0.25645180451942495,-0.337672042860075,1.1436679541942376,1.5387178031372999,0.29055854122103164,-0.8215930623438747,1.4267289261054072,-0.510811140177919,1.842665528270371,-1.3909643046382163,1.695726632487556,0.7953949089757173,-0.7337993857053426,-0.5420484629824808,-1.6120708422410377,0.5560748968328834,-1.661019540190907,-0.3247955438722827,-0.6270081531774753,0.44638432951656587,-0.278728485912648,-0.2994309309501578,-1.8469342595424048,-1.577990046566469,-0.43165551745924446,0.9224150132153753,1.040762180060864,0.2767945958705685,-1.2576343443720612
0.008354707128620896,-1.2667187441696346,0.06170696021313236,-0.10096019017780143,0.01523010495091823,-0.11105886997427199,-0.24543455727496236,-1.6092726718408732,-0.1351291094983926,-0.2550967514075399,0.09869372677672052,0.01941049343886543,-0.05498087239998451,0.7953949089757173,-0.7337993857053426,0.6760379706860156,0.4121323208673837,1.558832907515132,0.925452699707751,0.5112962706028504,0.029257408190596676,-0.6151139801069327,0.6179047330410934,-0.9998466437115682,-1.397376224765349,-0.3773454459180685,-1.3959770219967187,-0.4585516199056945,0.8439752103281329,0.09303160483764811,-0.07118684968143739
1.0204012742901638,0.9615966575927194,1.076107877342539,1.3195835281327215,0.23800714976188223,-0.4711557249891051,0.12791479953176918,0.051270437114331574,-1.4093005533021647,-0.01653727330081432,0.09718735671541479,-0.07128507532666785,-0.8665654076597045,-1.2572371141874243,-0.7337993857053426,1.6505071176208128,-1.586792033494777,-0.5834228425787626,0.4051136508259172,-0.3168263849967614,-1.1059604062392918,0.5772224276623504,0.25172554920165946,-0.7666769858302882,1.3748983230264962,0.39449751164161734,1.1524178572696122,-1.3299313793877021,1.1216058138697556,-0.3663690347243998,-1.0203448454339363
0.008354707128620896,-0.2207979701244014,0.06170696021313236,-0.10096019017780143,0.01523010495091823,-0.11105886997427199,-0.24543455727496236,0.5210869775996826,-0.1351291094983926,-0.2550967514075399,0.09869372677672052,0.01941049343886543,-0.05498087239998451,0.7953949089757173,-0.7337993857053426,-0.05481388951508225,-1.5341224241593459,1.3537233144210357,1.2069277059908396,1.3332698118603743,-0.23337643749079787,-1.5237742533921117,1.3769666221176153,-1.6925817526544482,1.3748983230264962,-0.12006446006483991,0.07366840545188484,-1.4701355153878857,-0.7250916731751073,-1.1416121307238878,-1.2576343443720612
2.2683755246670514,2.045307686085968,-1.6176001996122882,1.0408985624215166,-1.7236662505298117,-1.8829961216109927,-0.31183120712494755,0.3570656615245486,-1.3391300792920602,2.3519766910138205,-1.842247730410815,0.01285494360675342,-1.8158881090588332,-1.2572371141874243,-0.7337993857053426,-1.516517609917278,0.9528710741676403,0.8979242186563772,0.5263254464828218,-0.8201138023594832,-0.7680924609309889,-0.7791828962489877,-1.1641291714469282,-0.16030339819268113,-1.0227445291178021,-1.492229717948726,1.143730942881046,-0.712442555078337,1.1653436476796142,0.1643907887508415,0.4033921481948121
2.0365257091765225,2.4146354509538206,-0.9010686968265681,2.4198210171876373,0.23940727591545552,-0.47464911901851636,0.17813449155479474,0.9895462615818627,-1.41885760606153,2.2388639461755395,0.888998452072008,-1.2100300504874775,-1.316581752461858,-1.2572371141874243,1.3627702877384937,-0.2984311762487815,0.9992804442637626,0.009115981915293298,-1.5051741893241761,-0.8041688399625002,1.0704514545211232,-1.5736519401082623,1.6226895717787275,-1.03955657424743,-1.2475235465063301,1.1663404692013033,2.005022117743412,0.9224150132153753,0.22041783431675352,1.2985525024455131,0.4033921481948121
0.6327279201976945,0.3987684694083691,0.060735184456327494,0.6422320241651994,-0.22874701450650292,-0.3741938830459496,-0.40218755274677676,-0.6781524475214099,-0.4782738158473745,0.11279946085169835,0.6558093179115094,0.7172552953888118,-1.2679844693401061,0.7953949089757173,-0.7337993857053426,-0.2984311762487815,0.16417466678879666,1.558832907515132,1.095463673174872,-0.8375513680831262,0.5265371095331849,-0.616121438500792,-0.777481888741232,1.0069819287557555,0.6256349317314029,-0.8061470890067829,0.49709785003175483,-1.1791202592412908,-0.42136292532455494,-0.14896743012919827,-1.0203448454339363
0.008354707128620896,-0.15515767839749137,0.06170696021313236,-0.10096019017780143,0.01523010495091823,-0.11105886997427199,-0.24543455727496236,-0.096455118185982,-0.1351291094983926,-0.2550967514075399,0.09869372677672052,0.01941049343886543,-0.05498087239998451,0.7953949089757173,1.3627702877384937,1.4068898308871134,-0.6258007728250027,-1.039221938343421,-1.5317836156231623,-1.33277394209814,-0.7080346747065124,-1.3016928028505548,0.4377480715334432,-0.4027641825389198,-0.12362845956369028,-0.8919074176245259,-0.22348797221559705,-1.0354654333844753,1.0335909615931786,-0.7358707703693474,1.1152606450091864
0.5557020152283588,0.3641067496023898,-0.33066467727591375,0.8100617684171305,0.22529308019206137,0.8974837741506195,-0.8830433889210061,1.3427769101283178,1.5012560540785573,0.45964382241552376,1.7293730696046903,0.5991446973800869,-1.846481786528576,0.7953949089757173,1.3627702877384937,0.6760379706860156,1.4845679562992886,-1.3810712601669148,1.09186210681441,-1.5546956298159575,-0.5954151112053315,0.6128751874079413,0.43783898087910955,0.10380026720630697,-0.7230391725997649,0.13721652578838872,0.5361275235431305,0.9224150132153753,-1.3719601843111389,1.2371608417173507,2.30170813969981
0.008354707128620896,1.4296341562138153,0.06170696021313236,-0.10096019017780143,0.01523010495091823,-0.11105886997427199,-0.24543455727496236,0.11560044761580585,-0.1351291094983926,-0.2550967514075399,0.09869372677672052,0.01941049343886543,-0.05498087239998451,0.7953949089757173,-0.7337993857053426,0.9196552574197149,-0.7146700053618942,0.21422557500938957,0.29545973511815815,-0.9128349041527137,0.8292933890022266,1.256598348871856,-1.571086952987122,-0.8133005232030005,0.1011505578248377,1.5093817836722747,1.1711410667008435,-0.9611260551876517,0.0014676951812411456,0.480469667986113,1.1152606450091864
-0.3577727995207818,-0.5238152894853155,0.8592840298329003,-0.11185439969928898,0.3921713589274136,-0.12115488145395832,-0.6177864976905618,-0.029326276745441648,-0.9099115827485724,-0.5827489627708436,1.9261124150621236,1.3088833744713002,-0.8447780410182998,0.7953949089757173,-0.7337993857053426,-0.5420484629824808,1.1712859872291699,-1.4722310793198465,0.31790208125223096,0.7902062773884863,0.15676182258229004,1.0452872828856286,-0.7187457843398241,1.6117960704118026,0.47578225347238434,-0.6346264317712972,-0.24915806497185727,0.9224150132153753,-0.7688069956094032,-0.25078671652243356,-1.0203448454339363
-0.582382085156598,-0.7319610173651564,-1.9052207446794829,-0.949985955197776,-1.3077284164176375,-0.5529375944564181,0.3666688228717258,-1.2423354923708327,0.8229928403815564,0.507234367754264,0.742043505056803,1.5313942455598333,1.394930139286384,0.7953949089757173,-0.7337993857053426,-1.2729003231835787,-1.02204047422316,0.6700246707740479,0.3711177333567481,-0.9256315345902455,-1.2484857786598724,1.2118407179807609,1.6230715635081543,1.419926356601512,-0.34840747695221824,-0.8919074176245259,-0.8892457738143803,0.9224150132153753,-1.298303562840207,0.4221849162156605,-1.2576343443720612
0.39140349128623064,0.01046579896941503,-0.6263558219509684,-0.21653310507538043,-1.433873444086681,-0.9828887511617715,-0.8037077869287996,-0.9884573685363902,0.11114126564278982,-0.028142453407375666,0.3226877506628779,1.584595684615848,-1.667789412297186,0.7953949089757173,-0.7337993857053426,-0.05481388951508225,0.2226241408628309,1.262563495268104,0.4640312476993553,0.9023837182531981,-0.9634310999750864,1.0161186322330313,1.6081078328471552,-0.8082859844688357,1.4498246621560056,1.6809024409077604,-0.22395698961303465,0.9224150132153753,0.3583594741151015,-0.3997749079287259,1.589839642885436
-0.2694247410500225,-0.4083260056273828,0.5505356611245003,-0.4375504264523158,-0.6674148342260794,-0.833004367112801,-0.10862814932788985,0.6964965787426398,-0.7648225892619971,-0.652379917721077,-1.3386494321369404,1.0361087573407264,-0.039015889864248844,-1.2572371141874243,1.3627702877384937,-1.516517609917278,1.248592627560104,0.3509653037387871,-0.3708715552728558,1.359467572692266,1.7697421996451599,1.3735550125505387,-0.38075621731214154,-0.563852070781835,0.6256349317314029,-0.9776677462422687,-0.2996121807173011,0.9224150132153753,-0.0868957025188703,0.9804074708325812,1.8271291418235607
-0.5543893750921511,-0.13305885564988162,0.13281663141743572,-0.45756701789228504,0.02823431634760603,-0.605581579146791,-1.2342246563721035,1.2723813495420466,-1.3668402351650464,-0.5336649597806361,-0.8641563345691308,-1.5299906846567255,-1.8553656233580569,-1.2572371141874243,1.3627702877384937,-0.7856657497161801,0.5905090814898957,-0.5150529782140638,0.6221893836761082,-0.16346661238534724,-0.3421227864021954,0.2482248028381175,0.6650972024268369,0.3534408708464953,-1.0227445291178021,-1.492229717948726,-0.3532348306457756,-0.9887469213545657,-1.118485041804598,0.6432329510549194,-0.7830553464958117
0.23468322467786504,0.7650948883603476,0.17926741625588657,0.0617174805853711,-0.6027079284594434,-0.9389109861969639,0.9911725478371913,-0.7793740495539077,-1.0891917414356773,-0.26609074138555505,0.2024591706370793,-1.7178373897235146,1.0019469924999116,0.7953949089757173,1.3627702877384937,-0.2984311762487815,0.8611455569119182,-0.8796922548257906,1.1194792460898881,-1.091379421265258,0.5247702639971046,-0.5032649858454444,0.3234219121186896,1.6268378329023834,1.2250456447674776,-0.5488661031535543,0.030329774502577112,-1.5208271048753914,1.259620066195035,-1.2330521896224644,-1.2576343443720612
0.008354707128620896,-0.41788588240540303,0.06170696021313236,-0.10096019017780143,0.01523010495091823,-0.11105886997427199,-0.24543455727496236,0.6423772289531057,-0.1351291094983926,-0.2550967514075399,0.09869372677672052,0.01941049343886543,-0.05498087239998451,-1.2572371141874243,1.3627702877384937,1.6505071176208128,-0.23081009965749438,1.3537233144210357,1.1109704251756505,0.5094319340540813,-0.08329571760839971,-1.3193184246552445,-0.8131779606104858,1.2376587016731497,-1.8469342595424048,-0.9776677462422687,-0.38124304899837413,-1.227161735883099,0.31009261882239697,-0.7708012796914566,-0.07118684968143739
-0.49784194187660524,-0.07423959759581854,-1.139020532302002,0.08255250332720104,1.3605186052628209,0.7409140655418387,0.5671516662696323,0.29768626939848747,-0.5957544349158408,0.6291500855010156,-1.001966871287876,-1.5274484491155116,1.603738485615902,-1.2572371141874243,-0.7337993857053426,-0.7856657497161801,-0.7894815303570257,-0.8569023000375576,-0.4862104407107195,1.293873262863088,-0.9678813110263155,1.5747204587098202,1.7124014613254699,1.0721228628035384,-1.0976708682473115,0.651778497494846,0.15409781791731614,-1.4756258542269014,-0.7021933673585925,-1.7692796759453655,1.1152606450091864
0.414476168220152,0.3790422109520447,-1.2082861800746958,0.6279172826339677,0.16773339552377256,1.1588217332399406,-0.8852224850079546,-1.4073417460290742,2.142799368982571,1.1968711589426886,0.8264464713433397,0.07113356018700195,-1.7895682464003435,0.7953949089757173,-0.7337993857053426,-0.05481388951508225,-1.2355228127534865,-1.7229205819904085,1.0586828876224879,-0.7365483061312543,-1.5245654953233008,1.7583729523762412,1.2306847855594654,-0.3528164147954991,0.7754876099904217,1.5951421122900176,0.46812325728179544,0.9224150132153753,0.5625295284301246,1.6916684849207342,0.4033921481948121
-0.11577999755376117,-0.26999101973885165,0.07486088934021447,-0.1641351182678472,-0.3602003217290912,-0.45905548188032197,-0.06497376393390888,1.3477619368760332,-0.4529845794570986,-0.34831726259786483,0.6882577975001475,0.9592622740333274,-0.15676454314102914,0.7953949089757173,1.3627702877384937,-0.7856657497161801,-0.8086983772965445,-0.1276237468141042,-1.8767390233752896,-0.6235821373786078,1.3593405605765232,-0.7194938101709962,-0.623354956867368,0.49576038945694306,0.026224218695328372,-1.0634280748600116,-0.20521052425387368,-0.7018192055239114,-0.6743833730619173,-0.3368753682244679,-0.7830553464958117
-1.4898271715873228,-1.2646915782858505,-1.443914954674991,-1.1256772485967554,1.6389291010639289,0.5456445395927502,-0.9790840613493073,0.9964330682335883,-1.441375693027105,-0.2146766493048479,1.2426299046450466,-0.33362935536009153,0.12511103547552474,0.7953949089757173,-0.7337993857053426,0.4324206839523163,-0.2677531706663604,-0.8796922548257906,-1.6729303998364915,1.4274436299424575,0.3144695995494451,0.33648262055848865,1.1074368469140574,1.2483616046074146,-0.4233338160817276,-0.4631057745358114,-1.06328627143027,0.9224150132153753,0.3450185724091844,1.8114244283796588,-1.2576343443720612
-0.20589236207925776,-0.1671319947748768,1.2984666617234142,-0.09438229815883807,0.024871713468625045,1.0009945028608969,0.5747251543328372,1.6377888402925067,2.03172453402771,-0.6842846111040212,-0.34718724033931797,0.05705504862096726,1.0449735031860614,-1.2572371141874243,1.3627702877384937,-0.05481388951508225,-0.5521476988685141,-0.1048337920258713,0.17389866210042149,1.6035913345208417,1.0194157859545872,-0.8020677098255998,-0.36958197549239913,0.48554590457655783,-1.8469342595424048,-1.2349487320954973,-0.06341805790657529,-1.472078943944,0.3649986853198645,-1.1300103537561377,1.1152606450091864
1.49117099615739,1.0171620084090538,1.6917686727405248,1.6664925388813316,0.005588496433211417,-0.23160603689749734,1.2713260088636449,1.212982467930699,-0.541712140922037,-0.09390779611494267,-1.8832626057513244,1.0264735267820355,0.02013514101493607,-1.2572371141874243,-0.7337993857053426,0.6760379706860156,0.14295957948658392,0.6472347159858151,0.9821008174455557,-1.5457604494966721,0.12225190353826809,-1.5791470567659238,-0.04156690592283654,-1.581514134660127,0.25100323608385633,-0.03430413144709703,1.7443707039302792,0.9224150132153753,-0.1677748187066352,0.1913919795352113,2.0644186407616854
-0.8557196488193055,-0.5223012750513658,-0.07454546107355456,-0.9147037942180901,-0.44432931709624235,-0.5493472476588365,-0.27217638908302694,0.9781849266731907,-0.5127971644701264,-0.7264588010019926,1.084222447497431,-1.187119651944008,0.605159488341716,0.7953949089757173,-0.7337993857053426,1.4068898308871134,-1.024491071569744,-0.7201625713081602,-0.04820854445668099,-1.5756823232788781,0.3831539846314716,-1.232737254156053,0.7776145380067471,0.9017305424886691,1.5996773404150242,1.337861126436789,-0.8759559818870235,-0.4274686952048004,-0.7759653794192459,-1.0490926805399072,0.16610264925668738
-1.6601986004042995,-1.5909984625795521,0.3316137326746557,-1.5869480201717108,0.19554498747129748,-0.16647033853836532,-1.034369057357909,-1.139295417450654,-0.6996913060851868,-1.1892787012420518,-0.06664046487173882,1.9392406917727687,0.46399101008658855,-1.2572371141874243,1.3627702877384937,-1.2729003231835787,0.48272326457466486,-1.6773406724139428,0.4795676965868893,-0.9006315857555023,-1.1053895737645267,-0.5029251244224099,-0.6751552122557464,-0.4691149785612867,1.299971983896987,-0.20582478868258278,-1.4147359161227744,0.9224150132153753,1.8587639107770644,1.6399620184251993,1.8271291418235607
0.008354707128620896,-0.2207979701244014,0.06170696021313236,-0.10096019017780143,0.01523010495091823,-0.11105886997427199,-0.24543455727496236,-1.2009103088927917,-0.1351291094983926,-0.2550967514075399,0.09869372677672052,0.01941049343886543,-0.05498087239998451,0.7953949089757173,-0.7337993857053426,-1.516517609917278,-1.5200721576465348,-0.08204383723763838,0.3457357008593156,0.8915385617736663,-0.36649969435406715,0.9080752549724703,1.3435029798334646,0.8619811960056618,-1.6970815812833862,-0.5488661031535543,0.07366840545188484,-1.4701355153878857,-0.7250916731751073,-1.1416121307238878,-1.2576343443720612
-2.0612916879041463,-1.8175442238011446,1.9322491151354035,-2.016639294125188,0.2088797170276456,0.11599557031824831,-1.388944341200557,1.0510251321449,-0.12382804826548187,-1.5105901772165975,1.9426074034054028,0.17265578367876586,0.4292285158996315,-1.2572371141874243,-0.7337993857053426,0.6760379706860156,-1.5673808276216106,0.7156045803505138,1.0400915715727344,1.182134625371652,-1.5238571067523063,0.519287850994669,-1.0840905845373434,1.2447326737141617,-0.6481128334702556,-0.8061470890067829,-1.8332432840612258,-1.0398875152930935,1.0186024901569604,0.008307927044053984,0.8779711460710616
0.008354707128620896,0.047020886978317265,0.06170696021313236,-0.10096019017780143,0.01523010495091823,-0.11105886997427199,-0.24543455727496236,1.2677030412599848,-0.1351291094983926,-0.2550967514075399,0.09869372677672052,0.01941049343886543,-0.05498087239998451,0.7953949089757173,-0.7337993857053426,1.4068898308871134,-0.9059893084334264,1.6044128170915977,1.1560367135519203,0.6246674423969223,0.9200011659124996,-0.08301250403648364,0.48393750086354603,1.3547099739845994,-1.2475235465063301,-1.492229717948726,-0.22861613614309848,0.9224150132153753,-1.6378197434569737,0.006306459079644004,2.30170813969981
0.24293958583545033,0.5598749400001544,0.8981496959471054,1.4618186084168925,2.2583279604802002,1.6036408891354392,0.9259334265359171,-0.27974553741173747,-0.17045697241327742,0.1199197542243404,0.5905121607071396,-1.0984650802274372,0.8961962147134187,-1.2572371141874243,-0.7337993857053426,-1.0292830364498793,0.4019630547715333,-0.9024822096140235,-0.27294134472480647,0.7527892342329876,-1.0917386225726808,-0.9137674451447482,0.10803899038712857,-0.1424566682273857,-0.4233338160817276,0.651778497494846,1.2165099360373226,0.9224150132153753,0.49998304258032283,-0.6313203820829294,-0.5457658475576869
0.15556488212988792,0.019926302607847998,-1.2892879941571476,0.3812319368593638,0.2319288306373826,-0.07510882454336812,-0.5228830723831098,-0.1275723809988107,-0.5633319760096716,1.0815185897884794,-0.8410611435597092,0.6336282075595657,-1.12670642102428,0.7953949089757173,-0.7337993857053426,-1.2729003231835787,-1.2812706418559958,1.3537233144210357,-1.4519110383116798,0.8305409313597583,1.1529227716961354,-1.5286890475279644,-1.4802612538679876,-0.5520769107100717,-1.6221552421538767,-1.406469389330983,0.4128723793311304,-0.9658087343185783,-0.3636419136527328,-0.9902811181407674,0.6406816471329368
0.6573540449237105,0.8866313355282285,-1.875365431386652,0.7367416058683318,-0.1033833661559331,-0.3843693548897005,-0.606870352491032,0.6651253452357695,-0.6948208135681967,2.6710447466200127,-0.4408895405073861,-0.8524493482491483,-1.5392609299138296,0.7953949089757173,1.3627702877384937,1.6505071176208128,-1.229701662823825,0.2598054845858554,0.12116992247104151,1.3613411914283184,-0.8778786853292596,-1.1069791291209043,-0.8800645579527789,0.7685315085474583,0.850413949119931,-0.03430413144709703,0.6940582903059647,-1.3205432862748347,1.2554398852903852,-1.8470303915072201,0.6406816471329368
-0.040334062442136435,0.06328719183688848,0.5728204787541556,0.40671999667019987,0.7727003411994173,0.6046922038899681,0.1450912139785135,-1.7674901747700638,0.031118014943521618,-0.24410276142952472,0.8593388331218822,-0.29803799879984966,0.09159967661613092,-1.2572371141874243,-0.7337993857053426,0.6760379706860156,1.494252147565571,-1.062011893131654,1.2828801242076957,-1.0339353396448947,1.2866561152933136,0.6378782710058603,1.0332133753353134,1.1653051437205484,0.17607689695434703,-0.8061470890067829,0.27429984925385964,0.9224150132153753,0.8012350460761543,0.42781368751428,0.6406816471329368
0.008354707128620896,1.141968076547503,0.06170696021313236,-0.10096019017780143,0.01523010495091823,-0.11105886997427199,-0.24543455727496236,0.5327790585070693,-0.1351291094983926,-0.2550967514075399,0.09869372677672052,0.01941049343886543,-0.05498087239998451,0.7953949089757173,1.3627702877384937,-0.7856657497161801,0.46584613072719966,0.5332849420446505,0.3146996768413592,1.337962023846257,-1.5007632636600945,0.4986975857254852,-0.4764827698827572,-1.2971748445357936,1.8244563578035522,0.651778497494846,0.5441121916434623,-0.8158681736454505,0.41418230135774026,-0.382881752417233,-0.07118684968143739
-0.7981042925530452,-0.8160402150154638,1.487988595488333,-1.2336540864010068,-1.6524275339300663,-1.0591090487814625,-0.17964154338118318,-2.0641229223826336,0.2902034310537173,-1.1786812585560902,1.8622912209522253,0.8921961401830787,0.6961747813211748,-1.2572371141874243,-0.7337993857053426,-1.2729003231835787,-1.048115438593959,-1.5178109888963123,0.34816335727149955,0.759700131804174,0.1955085412989076,0.2563458736739891,-1.4556243506602249,-0.6851442110124999,-1.0227445291178021,-1.0634280748600116,-1.1794741319372046,-1.0734861109222122,0.757917131797744,-1.0649026808626938,-0.5457658475576869
0.7554808042402885,0.815067162180828,-0.2740582679012319,1.0570979390603503,0.2799807092486287,1.210515436429155,1.3966570590247305,1.2768257413162454,2.077337339507941,0.5739382210537424,-0.8692134812034851,-0.3620439852305697,0.8596207586979934,-1.2572371141874243,-0.7337993857053426,1.6505071176208128,0.7559324901730573,-0.8341123452493248,1.377554581543055,1.571353360343291,-0.4903148455851529,0.6472715834445865,-1.7660538722234145,0.5747159255611274,0.17607689695434703,-0.20582478868258278,1.0349738392815382,0.9224150132153753,-1.740295586061219,0.06793703820130782,1.352550143947311
-1.2579803402167,-0.8218093712539256,-0.2963651917797012,-0.6230070878788383,2.486901272603163,2.701663773633667,-0.26294741770411034,-1.1619573141424195,1.7930941877269884,-0.4691870349435948,0.33065827942591325,-1.8231979497540303,1.73278950181638,-1.2572371141874243,-0.7337993857053426,-0.5420484629824808,1.2452738399023404,0.30538539416232124,-1.326362791367958,-0.06772132829820725,0.3198549599134922,0.9355108525888921,-0.00836162262487424,0.2174229353654078,-0.1985547986931996,1.6809024409077604,-0.5813691783360194,0.9224150132153753,-0.06012628232816781,-0.025554251324271988,-0.7830553464958117
0.008354707128620896,1.761873472366937,0.06170696021313236,-0.10096019017780143,0.01523010495091823,-0.11105886997427199,-0.24543455727496236,-0.8303004448152778,-0.1351291094983926,-0.2550967514075399,0.09869372677672052,0.01941049343886543,-0.05498087239998451,0.7953949089757173,-0.7337993857053426,0.18880339721861703,-0.03589515168233184,1.5816228623033648,1.071296104119478,0.43441168783437184,0.03438183213745543,-0.572494114956801,-0.8190274132735139,1.661409962664101,1.075192966508459,1.0805801405835604,1.4819577167824085,0.9224150132153753,-1.506781472588257,0.48022316322957065,-1.2576343443720612
0.11310251415354608,0.59916552395245,-1.6936352568145419,0.18344253247725759,-0.09499853528533352,0.7731413426474536,1.2300716567189387,-1.1386131200369278,1.73697163655765,1.5409187106602267,-1.6409315455097035,-1.6175734027317483,1.54552306511782,-1.2572371141874243,1.3627702877384937,-1.516517609917278,0.5215853590638897,-1.5633908984727782,0.11570151663021458,0.4394324951830335,0.7010698959015584,-1.634695768706152,-1.6397564257081616,0.725981321479551,0.7754876099904217,0.7375388261125889,0.30900028748458086,0.9224150132153753,-1.5866227342684691,-0.6161903329440169,0.16610264925668738
0.008354707128620896,-0.044588247145772565,0.06170696021313236,-0.10096019017780143,0.01523010495091823,-0.11105886997427199,-0.24543455727496236,0.08825839398125773,-0.1351291094983926,-0.2550967514075399,0.09869372677672052,0.01941049343886543,-0.05498087239998451,0.7953949089757173,1.3627702877384937,0.18880339721861703,0.6251384732656031,1.262563495268104,1.0279314808661022,-0.3990346988152834,0.010367357404934174,-0.10161898150058217,-0.09310402268966479,0.6291936335547984,0.47578225347238434,1.337861126436789,0.4068380184824678,0.9224150132153753,0.6489555200771602,1.7408414438969173,0.6406816471329368
-1.8664869370070367,-1.544608821528431,1.3101431509685366,-1.6312671250847064,1.5717385394933283,1.2655179367968326,-0.9822023019757783,0.40447718475108346,0.1836489564658945,-1.3217692389693578,-0.4475055612285669,-1.1847818776149643,1.7248140360922284,-1.2572371141874243,-0.7337993857053426,1.6505071176208128,0.7559324901730573,-0.8341123452493248,1.377554581543055,1.571353360343291,-0.4903148455851529,0.6472715834445865,-1.7660538722234145,0.5747159255611274,0.17607689695434703,-0.20582478868258278,-1.442087166221165,-1.4458591521881345,-0.29867184498096727,-1.2570936166394076,-0.07118684968143739
0.008354707128620896,-0.46222740458251127,0.06170696021313236,-0.10096019017780143,0.01523010495091823,-0.11105886997427199,-0.24543455727496236,-0.2967713919662367,-0.1351291094983926,-0.2550967514075399,0.09869372677672052,0.01941049343886543,-0.05498087239998451,0.7953949089757173,-0.7337993857053426,-1.2729003231835787,-0.826332074557901,-0.9252721644022565,0.8976104269724322,-0.5828181504256273,1.7066586616151789,-0.7635499704457187,0.5575374735162887,0.8616930105302079,0.5507085926018936,-0.29158511730032566,-0.14813409881423367,0.9224150132153753,0.795612671557641,0.005667744963127689,0.6406816471329368
0.45764886842197094,0.5948539015764132,-0.7844269499952246,0.19015547383036735,-0.7574577356148442,-0.41161110930931755,-0.13149567006676963,-0.18546025211085454,0.26532288145370286,0.382688952353775,-0.24253575458799653,-0.5457184080175949,-0.7996857766798677,0.7953949089757173,1.3627702877384937,-0.05481388951508225,-0.3241258452604026,1.1714036761151723,1.2738964716026426,-1.1560243014748952,-1.3108116208104716,0.3928442996905826,-1.0461739344939334,0.24743460747115675,0.026224218695328372,-1.492229717948726,0.18297775815584066,-1.2600576590110026,0.8681002304554423,-0.09600538063586715,-0.30847634861956214
0.008354707128620896,0.9872631127715735,0.06170696021313236,-0.10096019017780143,0.01523010495091823,-0.11105886997427199,-0.24543455727496236,-1.4035150498707119,-0.1351291094983926,-0.2550967514075399,0.09869372677672052,0.01941049343886543,-0.05498087239998451,0.7953949089757173,-0.7337993857053426,-0.5420484629824808,-1.2668920825576964,0.21422557500938957,-0.6727790784024982,-0.45073754816688655,-1.256045462541383,-0.10884153478371557,-0.5099488330382987,-0.8576144794664944,-0.27348113782270894,0.5660181688771031,0.8317816008114072,0.9224150132153753,-1.32561415014553,-0.4639743943968064,-0.7830553464958117
-0.6179480492818122,-0.6868343805163433,0.6586338246012624,-0.9472178841462036,-1.2140374863156431,-1.5458587261402246,-1.025427187735606,0.9383802026608622,-1.419982374252285,-0.926364835489041,0.6136708989933042,1.014987145639749,-1.3857473333015036,-1.2572371141874243,-0.7337993857053426,0.4324206839523163,0.6326718240095202,0.32817534895055417,1.3420428087988983,0.9486164012902168,-1.1708286163118984,-0.9723295340780138,1.6185208566942944,1.4267947885783492,-0.12362845956369028,1.5093817836722747,-0.8804007399067286,-0.7905511518522077,0.8178147289243395,-1.4959031666536768,-1.2576343443720612
0.008354707128620896,-0.8160402150154638,0.06170696021313236,-0.10096019017780143,0.01523010495091823,-0.11105886997427199,-0.24543455727496236,-0.447288482472428,-0.1351291094983926,-0.2550967514075399,0.09869372677672052,0.01941049343886543,-0.05498087239998451,0.7953949089757173,-0.7337993857053426,-0.05481388951508225,-1.0062354888042881,0.6244447611975822,-0.35794326324947484,-1.494551530008404,1.9478994514019543,0.6600905264881246,0.010515999334988107,-0.4178963794845461,0.9253402882494403,1.5951421122900176,-1.1794741319372046,-1.0734861109222122,0.757917131797744,-1.0649026808626938,-0.5457658475576869
0.008354707128620896,-0.4940031045695907,0.06170696021313236,-0.10096019017780143,0.01523010495091823,-0.11105886997427199,-0.24543455727496236,0.28998355908625517,-0.1351291094983926,-0.2550967514075399,0.09869372677672052,0.01941049343886543,-0.05498087239998451,0.7953949089757173,-0.7337993857053426,0.4324206839523163,1.6193649437296502,1.1486137213269394,-1.345585743198399,-0.3536972477699923,-0.05584826116027809,1.4041475809089383,-0.3163507366329147,-0.2876185167378218,0.5507085926018936,-1.1491884034777544,-0.4865124353320004,0.9224150132153753,-1.2347674450219144,0.3198904623523999,0.6406816471329368
0.014227942508863412,-0.3301222603445973,-0.14163873392786025,-0.3762143317755099,-1.118276925823593,-0.3541719979454731,1.1192183977875594,-0.2784572257750766,0.948046065726196,-0.3820564947195254,-0.5863384033858985,1.878750045233171,1.5475419070383847,-1.2572371141874243,1.3627702877384937,-1.0292830364498793,1.5395476391219363,0.05469589149175914,-0.9796325734725094,0.8727543726346441,-0.09528507154479407,0.8237199898654979,-0.40438472713233503,-0.07481686825123897,1.749530018674043,1.8524230981432463,-0.29936977116456304,-1.348300688107971,0.12224124048149158,0.5648104596743507,1.1152606450091864
1.5520532301918963,0.9084982184692172,0.8783543375023477,1.7043452944892727,-0.03053732213600024,0.8120551606159042,2.621381312885928,-1.9071140053315394,1.7188675335331833,0.23903645957479042,-1.4082026688602136,1.5683497330294214,1.3076998704031078,0.7953949089757173,1.3627702877384937,-0.7856657497161801,1.6421635197746218,0.009115981915293298,-0.23907283994339373,0.7428368949467287,-1.3094601576608356,0.5275834492502772,-0.06395626253137937,-1.235225521555523,-0.7979655117292742,0.39449751164161734,1.707577972838023,0.9224150132153753,1.563537110124995,1.6691769019349325,0.4033921481948121
-0.6012919027058461,-0.7319610173651564,-0.26020663527547744,-0.9322249047503405,-1.2108972682714798,-0.5705894670538557,-1.0851816038015942,0.2833580715771196,0.6350486188111905,-0.6768060110312676,1.0498492349358748,1.4244468321533879,-1.5219324446512306,-1.2572371141874243,-0.7337993857053426,-0.05481388951508225,1.005879216449653,-1.7685004915668745,-0.16887561481844582,-1.6984798281909133,1.8540900261484343,-0.2670238622846545,0.11313894385347602,0.5994858092957206,1.2250456447674776,0.2229768544061316,-0.8892457738143803,0.9224150132153753,-1.298303562840207,0.4221849162156605,-1.2576343443720612
-0.43369968892854444,-0.10649841572486508,1.65589724107592,-0.10753808219676442,0.6299610297927313,-0.03047751757915626,-1.1537323352193785,-0.4129417026050721,-1.088367106026742,-0.7642764874408727,-0.17307638107015194,-1.1432375588035886,-1.774316021779541,0.7953949089757173,-0.7337993857053426,1.6505071176208128,1.4394838054350794,-0.7885324356728589,1.1217789605019897,-1.5194853758298932,1.7871197687318776,-1.1792961297477953,1.2892412379782068,-1.3803969449581466,-0.4982601552112369,0.9948198119658175,-0.08926605626293521,0.9224150132153753,-1.091963619664946,-0.5351482571776017,-0.5457658475576869
0.8564548594271931,1.028401215191761,-1.442235764280921,0.829420278800526,-0.29155486872783015,0.3481858625691597,0.03926906279924367,0.5782016448322808,1.1452255137051766,1.7612333645490712,-0.7413008060791944,-0.7090407943097008,-0.8648034632348791,0.7953949089757173,1.3627702877384937,-0.7856657497161801,-0.1353774738460053,-0.1276237468141042,-1.7686561017027658,1.1007479595514997,-1.311089293429894,-0.48001805301768263,0.7910450363868625,-0.7192530620913209,-1.2475235465063301,0.3087371830238745,0.811660761217343,-0.5219764644380496,0.4115396047903507,-1.728858779556173,0.4033921481948121
0.2480794002106945,0.0815171307359808,0.04748970946381373,-0.2477409569451353,-1.2632587595110876,-1.0140392305823889,-0.4031031517222296,1.4322540495818623,-0.22011478415511831,-0.3845426499597157,-1.2909363895028345,0.7048076730206312,-1.0193734865681279,-1.2572371141874243,1.3627702877384937,0.6760379706860156,-0.6157084871858104,-0.2187835659670359,0.03589372411684398,1.3133274152308199,-1.1768750436800153,0.4636807312424464,0.7769628829657685,-0.5248038801438683,1.5996773404150242,0.651778497494846,-0.1265825544154633,-0.5143720417635043,0.5159725569786691,-1.377069003516435,0.6406816471329368
0.008354707128620896,1.1493629425810972,0.06170696021313236,-0.10096019017780143,0.01523010495091823,-0.11105886997427199,-0.24543455727496236,0.533776956795826,-0.1351291094983926,-0.2550967514075399,0.09869372677672052,0.01941049343886543,-0.05498087239998451,-1.2572371141874243,-0.7337993857053426,1.6505071176208128,1.657191619437862,-0.5606328877905297,-0.5851748132330455,0.3336643293925361,-0.9454993571493515,-0.5757795721917601,-1.8821163590418635,0.3474755679447429,-0.4233338160817276,1.337861126436789,0.9772747910135918,0.9224150132153753,0.09353803355147951,1.0304991695745787,-1.0203448454339363
-1.7288811143969707,-1.4157267253666477,1.2582759566597683,-1.4348898584429273,1.6794951849694792,2.1144382337415135,-1.065458693830784,-1.9745270593212256,1.8090377424249975,-1.2351084927733436,-1.1109756900588976,-1.0839163878519074,0.5965143946174126,-1.2572371141874243,1.3627702877384937,-0.5420484629824808,-0.9023462129084318,-0.4466831138493651,0.4443217659076397,0.7211391243010674,0.8288190211107747,0.8308677201465468,0.43124295096215765,-1.3417822270226012,-0.1985547986931996,-0.29158511730032566,-1.2386595659987416,0.9224150132153753,1.49946828950388,1.8087590330277359,-0.30847634861956214
0.008354707128620896,-1.3930139868976144,0.06170696021313236,-0.10096019017780143,0.01523010495091823,-0.11105886997427199,-0.24543455727496236,1.3197914123635084,-0.1351291094983926,-0.2550967514075399,0.09869372677672052,0.01941049343886543,-0.05498087239998451,0.7953949089757173,1.3627702877384937,1.1632725441534142,0.44023730943364964,0.07748584627999205,0.12788560398949372,-0.5657894829203499,0.5968956434613247,0.6056990383143644,0.025529236533353365,-0.08324127887845027,-0.04870212043418096,0.13721652578838872,-1.295565435572122,0.9224150132153753,-1.6010463711829968,-0.15581934122915347,-0.30847634861956214
0.5161400469732633,0.5018319067032607,1.4482953466729227,0.9650767688994882,0.596257242602769,-0.030276101514052724,0.8885759718607352,1.0959620984150298,-1.0355015443415716,-0.2920359461113468,1.1550303640271284,-0.04653856760680479,0.49660274799956244,0.7953949089757173,-0.7337993857053426,-0.2984311762487815,-1.490047093664099,0.1230657558564579,-1.2072030453051852,0.040100874534556075,-0.5445039411584032,1.463210258876457,-1.317413860864548,0.8637287158130743,-1.7720079204128956,-1.2349487320954973,0.7244827719326861,0.9224150132153753,-0.6394528248582005,1.842733995679333,1.589839642885436
-1.7968705416096156,-1.6616816386460098,0.8582678495943095,-1.9521964025438932,-1.3570288919319575,-1.6384208081793579,-1.4867429330781659,-0.13664715138308345,-1.3930054583761966,-1.4244490224001354,-1.7518073450134672,1.3616978685591032,-1.1940809117099538,-1.2572371141874243,1.3627702877384937,0.9196552574197149,-1.3052647780586588,0.07748584627999205,-0.6633418081335153,0.07815192557013453,0.4488935742460705,-1.0499768696358789,-1.1993986717038432,0.021481760285306746,0.1011505578248377,0.9090594833480746,-1.7018501096069574,-1.2199051236364593,-0.6917624238933155,0.1963225322458567,-1.2576343443720612
0.008354707128620896,-1.8003606237944831,0.06170696021313236,-0.10096019017780143,0.01523010495091823,-0.11105886997427199,-0.24543455727496236,0.6681392081154407,-0.1351291094983926,-0.2550967514075399,0.09869372677672052,0.01941049343886543,-0.05498087239998451,0.7953949089757173,-0.7337993857053426,-0.7856657497161801,-0.7929889990162746,-0.7201625713081602,-1.643623525344703,0.2261608000862851,1.8797546974942065,-1.52203328000843,1.018931253203156,0.5978070251975253,-1.2475235465063301,-1.0634280748600116,-1.8242685538986314,-1.4557923562549884,0.9691948632691472,-0.2593973211689622,-0.5457658475576869
-1.8922808326153775,-1.5040032847666798,1.7291080795879543,-1.585892264499989,2.207251665314102,1.9547348029201546,-1.4950717307824994,0.8538800819791234,0.6505769738693875,-1.3384794716252142,-1.297101711000494,-1.913998259078581,-0.9885206544273675,0.7953949089757173,-0.7337993857053426,-1.516517609917278,0.963199738852638,-1.7457105367786416,-0.48000133254987,1.5799275072486814,-0.3722522109911885,1.3122822118593183,0.13708385090961936,0.23662274547625609,-0.04870212043418096,1.5093817836722747,-1.3716254443995475,0.9224150132153753,1.7683031104628388,-0.5404578448128465,2.0644186407616854
-1.3233847739058031,-0.9930191106316325,0.8622780017184525,-0.8359744722862305,1.956213194934946,2.4206755483812294,-1.2242815955242994,-0.3051830499515457,2.0253085106699174,-0.9145448926979138,-1.302910189475776,-1.2018100880996165,-1.0682259825305185,0.7953949089757173,1.3627702877384937,0.4324206839523163,1.6193649437296502,1.1486137213269394,-1.345585743198399,-0.3536972477699923,-0.05584826116027809,1.4041475809089383,-0.3163507366329147,-0.2876185167378218,0.5507085926018936,-1.1491884034777544,-0.6732451774217751,0.9224150132153753,1.8479286772476937,-0.4761038255462925,-0.7830553464958117
-1.049957418323947,-0.6714073882795076,-0.5375417519265374,-0.7766290004255263,0.7738827515778073,0.6524790193290235,-0.7075070403369159,-0.4501353886783611,0.13021130485516194,-0.4658529797013507,-1.0935700498523857,-1.4419598507470401,-0.07373342834405812,-1.2572371141874243,-0.7337993857053426,-0.7856657497161801,0.8920917735354645,1.1258237665387063,0.8044723400244488,-1.666038769635606,-1.3501692042652225,1.531502294495408,-0.20346444150911888,-0.5390991759867745,0.3259295752133657,-0.20582478868258278,-0.6312422772700124,0.9224150132153753,-1.4478195187128948,1.5842144840161114,-0.07118684968143739
1.8927158007381473,1.705587362189301,1.5396126652212414,0.9661272734640692,-1.454153782785549,-0.6707666954132014,2.412963168268029,-1.8312513819460772,0.8019449143127412,-0.3185590714626763,-1.9722402034307809,0.02596604327097745,0.782391102144802,-1.2572371141874243,-0.7337993857053426,-0.05481388951508225,0.32967961377863164,-1.312701395802216,-1.7767598631032933,-1.5468544031952307,-0.30330337835626625,-0.7602723181102378,-0.6812736111557804,-1.4876489370882158,0.25100323608385633,1.2521007978190462,1.0895527891269767,-0.45389658872820116,0.24368856163999703,0.24309709155071527,-0.7830553464958117
0.08951898025187102,0.3403796895179133,-1.4032514115431933,-0.17389786503315482,-0.8182655703546713,-1.2453978042914706,0.011137476878686043,-0.8583091297493193,-1.40114967383612,0.6967213955756207,-0.8096791287067535,-0.8766860682493284,-0.26628217520962527,0.7953949089757173,-0.7337993857053426,1.4068898308871134,1.1069985973845002,-0.8341123452493248,0.0074954254934841945,-0.3894678749186624,-1.1324602027351742,1.5759181877617892,-0.9739430481583752,0.9821437246146013,-0.7230391725997649,-0.9776677462422687,-0.09781724742913595,-0.8364942333919563,-0.2772999654003681,-0.8018545436618155,-1.2576343443720612
0.0024814717483789524,0.3302631438013838,0.30812411613416496,0.56650529920121,1.0184862336247384,1.219383251583513,0.8450233383073704,0.7416533582871915,0.9470176115716215,-0.05209012672183241,-1.2612973197656203,-1.1360658060757838,1.1379676410543402,0.7953949089757173,-0.7337993857053426,0.9196552574197149,-0.41834113184103255,1.0346639473857746,1.0512496097827475,0.3311589815818398,-1.0269950233771183,1.6732232242467455,-0.8812906782050731,0.7577030407095107,-1.397376224765349,0.5660181688771031,0.6278856066655508,-0.8197089046047572,-0.4885961693265989,-1.1840022878501448,-1.2576343443720612
0.008354707128620896,-0.2826917755391663,0.06170696021313236,-0.10096019017780143,0.01523010495091823,-0.11105886997427199,-0.24543455727496236,0.2789441722929886,-0.1351291094983926,-0.2550967514075399,0.09869372677672052,0.01941049343886543,-0.05498087239998451,0.7953949089757173,1.3627702877384937,-0.05481388951508225,-1.5341224241593459,1.3537233144210357,1.2069277059908396,1.3332698118603743,-0.23337643749079787,-1.5237742533921117,1.3769666221176153,-1.6925817526544482,1.3748983230264962,-0.12006446006483991,-0.004447653335472582,0.9224150132153753,1.208538121030093,1.7042679130311684,-0.7830553464958117
1.3352210591798583,1.7271019459727956,1.7575914559549621,2.801514589723308,1.9366854496718973,1.434967028685714,2.1536369881097266,1.4442848293280208,-0.026274230595294566,0.31266985805566655,1.389151703716436,-1.2612801153538342,1.0635916014537723,-1.2572371141874243,-0.7337993857053426,-1.0292830364498793,-1.469391882961723,-1.2899114410139831,-0.5636858446891311,-0.7583539306627394,0.836334967467364,-0.9585004023082965,-1.6704179729891142,-0.7585349334559472,-0.04870212043418096,-0.20582478868258278,2.2549253653851125,0.9224150132153753,-1.1022706371440654,1.8100459568025933,0.16610264925668738
1.133233233701763,0.9459006518504455,-1.2919455783603238,0.7798828127820455,-0.7997555024667602,-0.511517899003642,-0.02573084422699195,1.2003011692886965,0.12011617756750984,1.4587864937498893,2.052613800525541,0.28622529602860597,-1.10333902780211,0.7953949089757173,-0.7337993857053426,1.6505071176208128,1.2908079539681456,0.5788648516211163,-0.5639754282794166,0.3461888173669279,-0.13439237381415126,0.04354054029628966,1.020477488677526,1.5070690941324825,1.299971983896987,0.05145619717064585,0.4805073858943274,-0.38992611997037047,-0.1797610646477451,0.6307935854356996,0.6406816471329368
2.3076729638685207,1.3882669836865322,-1.7900536902656188,1.9104673009218254,-0.7197714290377071,-1.2130565542613114,1.7233827652625469,1.6550422044183761,-1.4860882941215638,3.882041663119186,-1.70370088147482,1.8903269965799054,-0.1239530247794131,0.7953949089757173,-0.7337993857053426,1.1632725441534142,-0.2458333600986946,-0.9024822096140235,0.7586120575843363,-0.44138566913335386,-1.6066091448220643,0.1003799730042092,-0.4014162555946835,-1.1008188504489078,-0.6481128334702556,-0.03430413144709703,1.9473531313171277,0.9224150132153753,0.11450661144693049,-0.2217571241972805,1.1152606450091864
0.1361273901377505,0.25794054478763384,-0.28290233548899296,0.4150721419306701,0.34898466449925364,-0.10096285849458564,-0.35189223309814627,-0.310921528199494,-0.8000682481773468,0.17731918438185204,0.9386212486408967,-0.4211203276409337,-0.857094871123821,0.7953949089757173,1.3627702877384937,1.6505071176208128,1.4394838054350794,-0.7885324356728589,1.1217789605019897,-1.5194853758298932,1.7871197687318776,-1.1792961297477953,1.2892412379782068,-1.3803969449581466,-0.4982601552112369,0.9948198119658175,0.274390139878186,-0.9376951237240758,1.2648358798823927,0.11854342645087829,-0.5457658475576869
-1.808717251149246,-1.5683172149419211,1.813434969559859,-1.8617062783950242,-0.6351116657603336,-0.16698470885301384,-0.9954221701746369,0.5062654311530455,0.591651250779431,-1.4477307544082079,0.9296349992911394,-0.2092510147096477,1.314592722186375,0.7953949089757173,-0.7337993857053426,-1.2729003231835787,-0.9715534854716739,-1.5406009436845454,-1.2577067104278863,0.8055593339206102,0.5575894020242033,-0.8950169741294426,1.0160011071042416,0.14179791818142184,-0.5731864943407462,1.8524230981432463,-1.6824971646195126,-1.0625977341674662,-0.6195281577567003,-1.8913995357265778,0.4033921481948121
-1.1512603580787693,-1.192620410576041,-1.5847947288112354,-1.6547572288214851,-2.261357951063171,-2.591752379360995,-1.0454956046925146,-1.3116362323909274,-1.9995298298034734,-0.6715272727897217,-0.5885412717145466,1.7449560443155685,-0.8092015634642319,-1.2572371141874243,-0.7337993857053426,-0.5420484629824808,0.3277851686558776,0.8979242186563772,0.4642062255838946,-0.027942687218172776,1.2111076520345077,-0.7020003894344661,0.6173970347918676,-1.4192320167325323,-0.1985547986931996,-0.03430413144709703,-1.4588264523812065,-0.4756316980315592,-0.15712601216738337,0.7127297686758486,-1.2576343443720612
0.008354707128620896,0.24341009547110623,0.06170696021313236,-0.10096019017780143,0.01523010495091823,-0.11105886997427199,-0.24543455727496236,-1.4942741299211748,-0.1351291094983926,-0.2550967514075399,0.09869372677672052,0.01941049343886543,-0.05498087239998451,0.7953949089757173,-0.7337993857053426,0.18880339721861703,-0.03589515168233184,1.5816228623033648,1.071296104119478,0.43441168783437184,0.03438183213745543,-0.572494114956801,-0.8190274132735139,1.661409962664101,1.075192966508459,1.0805801405835604,0.24111051816804166,0.9224150132153753,-0.8910768823678246,-0.24807581693354805,-0.07118684968143739
